JDAY,DLT(s),ELWS(m),T2(C),U(ms-1),Q(m3s-1),SRON(Wm-2),EXT(m-1),DEPTH(m),WIDTH(m),SHADE,Tvolavg(C),NetRad(Wm-2),SWSolar(Wm-2),LWRad(Wm-2),BackRad(Wm-2),EvapF(Wm-2),ConducF(Wm-2),ReaerationCoeff(day-1),
     1.000,   453.840,   665.746,    22.500,     0.000,     0.000,     0.000,     0.450,    75.369,   963.009,     1.000,    20.303,  -800.927,     0.000,   223.935,   422.122,   383.296,   219.444,     0.000,
     1.042,   496.538,   665.745,    22.500,     0.000,     0.000,     0.000,     0.450,    75.368,   963.009,     1.000,    20.294,  -586.949,     0.000,   223.935,   421.713,   247.127,   142.044,     0.000,
     1.089,   493.464,   665.739,    22.501,     0.000,     0.000,     0.000,     0.450,    75.362,   963.009,     1.000,    20.298,  -745.080,     0.000,   223.936,   421.437,   348.478,   199.101,     0.000,
     1.125,   426.306,   665.740,    22.502,     0.000,     0.000,     0.000,     0.450,    75.363,   963.009,     1.000,    20.294,  -900.797,     0.000,   225.663,   421.206,   454.651,   250.603,     0.000,
     1.167,   407.836,   665.740,    22.499,     0.000,     0.000,     0.000,     0.450,    75.363,   963.009,     1.000,    20.288,  -600.282,     0.000,   222.438,   420.986,   253.659,   148.074,     0.000,
     1.213,   438.798,   665.743,    22.474,     0.000,     0.000,     0.000,     0.450,    75.366,   963.009,     1.000,    20.276,  -696.329,     0.000,   223.935,   420.850,   318.693,   180.721,     0.000,
     1.255,   426.257,   665.745,    22.451,     0.000,     0.000,     0.000,     0.450,    75.368,   963.009,     1.000,    20.235,  -616.902,     0.000,   222.162,   420.715,   264.014,   154.334,     0.000,
     1.292,   416.036,   665.747,    22.430,     0.000,     0.000,     0.000,     0.450,    75.370,   963.009,     1.000,    20.214,  -695.634,     0.000,   222.162,   420.593,   314.739,   182.463,     0.000,
     1.337,   414.108,   665.748,    22.405,     0.000,     0.000,    36.868,     0.450,    75.371,   963.009,     1.000,    20.206,  -706.318,    34.781,   223.936,   420.451,   347.015,   197.569,     0.000,
     1.375,    27.433,   665.748,    22.386,     0.000,     0.000,   184.278,     0.450,    75.371,   963.009,     1.000,    20.209,  -606.871,   173.847,   227.663,   420.333,   382.322,   205.726,     0.000,
     1.417,   359.651,   665.761,    22.358,     0.000,     0.000,   295.474,     0.450,    75.384,   963.009,     1.000,    20.209,  -397.615,   278.749,   231.280,   420.187,   322.411,   165.046,     0.000,
     1.463,   399.051,   665.763,    22.346,     0.000,     0.000,   390.495,     0.450,    75.386,   963.009,     1.000,    20.220,  -284.236,   368.392,   235.770,   420.115,   315.344,   152.940,     0.000,
     1.504,   405.189,   665.764,    22.336,     0.000,     0.000,   413.307,     0.450,    75.387,   963.009,     1.000,    20.186,  -104.521,   389.913,   242.366,   420.049,   218.247,    98.503,     0.000,
     1.542,   367.163,   665.753,    22.332,     0.000,     0.000,   415.200,     0.450,    75.376,   963.009,     1.000,    20.163,  -152.641,   391.698,   240.641,   420.027,   253.702,   111.250,     0.000,
     1.585,   153.956,   665.749,    22.325,     0.000,     0.000,   351.551,     0.450,    75.372,   963.009,     1.000,    20.137,  -229.907,   331.652,   240.125,   419.989,   261.632,   120.063,     0.000,
     1.629,   367.178,   665.742,    22.317,     0.000,     0.000,   245.930,     0.450,    75.365,   963.009,     1.000,    20.128,  -227.803,   232.009,   240.123,   419.948,   191.705,    88.282,     0.000,
     1.667,   346.512,   665.744,    22.300,     0.000,     0.000,   106.128,     0.450,    75.367,   963.009,     1.000,    20.130,  -391.611,   100.121,   234.128,   419.853,   204.315,   101.692,     0.000,
     1.712,   330.191,   665.750,    22.270,     0.000,     0.000,     4.981,     0.450,    75.373,   963.009,     1.000,    20.140,  -590.595,     4.699,   227.662,   419.683,   261.249,   142.023,     0.000,
     1.752,   228.264,   665.739,    22.253,     0.000,     0.000,     0.000,     0.450,    75.362,   963.009,     1.000,    20.132,  -560.196,     0.000,   227.660,   419.581,   238.092,   130.182,     0.000,
     1.792,   287.920,   665.734,    22.236,     0.000,     0.000,     0.000,     0.450,    75.357,   963.009,     1.000,    20.117,  -599.436,     0.000,   222.530,   419.485,   251.302,   151.180,     0.000,
     1.836,   259.739,   665.725,    22.216,     0.000,     0.000,     0.000,     0.450,    75.348,   963.009,     1.000,    20.092,  -571.798,     0.000,   222.162,   419.374,   234.459,   140.125,     0.000,
     1.878,   242.819,   665.723,    22.194,     0.000,     0.000,     0.000,     0.450,    75.346,   963.009,     1.000,    20.054,  -571.185,     0.000,   222.162,   419.249,   234.108,   139.990,     0.000,
     1.917,   225.485,   665.719,    22.177,     0.000,     0.000,     0.000,     0.450,    75.342,   963.009,     1.000,    20.032,  -570.159,     0.000,   222.162,   419.148,   233.291,   139.881,     0.000,
     1.960,   184.460,   665.716,    22.159,     0.000,     0.000,     0.000,     0.450,    75.339,   963.009,     1.000,    20.031,  -538.464,     0.000,   222.161,   419.048,   212.727,   128.850,     0.000,
     2.002,   212.991,   665.718,    22.141,     0.000,     0.000,     0.000,     0.450,    75.341,   963.009,     1.000,    20.029,  -481.692,     0.000,   220.403,   418.944,   174.438,   108.712,     0.000,
     2.042,   211.955,   665.717,    22.126,     0.000,     0.000,     0.000,     0.450,    75.340,   963.009,     1.000,    20.022,  -517.606,     0.000,   218.830,   418.863,   193.590,   123.983,     0.000,
     2.085,   208.941,   665.716,    22.109,     0.000,     0.000,     0.000,     0.450,    75.339,   963.009,     1.000,    20.004,  -519.791,     0.000,   218.724,   418.766,   194.573,   125.177,     0.000,
     2.127,   207.042,   665.717,    22.094,     0.000,     0.000,     0.000,     0.450,    75.340,   963.009,     1.000,    19.977,  -479.049,     0.000,   220.403,   418.677,   172.285,   108.491,     0.000,
     2.167,   208.371,   665.716,    22.079,     0.000,     0.000,     0.000,     0.450,    75.339,   963.009,     1.000,    19.953,  -495.932,     0.000,   218.773,   418.591,   179.276,   116.837,     0.000,
     2.210,   215.415,   665.717,    22.063,     0.000,     0.000,     0.000,     0.450,    75.340,   963.009,     1.000,    19.941,  -459.161,     0.000,   220.404,   418.505,   160.421,   100.638,     0.000,
     2.253,   226.476,   665.716,    22.049,     0.000,     0.000,     0.000,     0.450,    75.339,   963.009,     1.000,    19.934,  -456.656,     0.000,   220.403,   418.423,   158.062,   100.576,     0.000,
     2.292,   234.712,   665.721,    22.031,     0.000,     0.000,     0.000,     0.450,    75.344,   963.009,     1.000,    19.933,  -460.762,     0.000,   218.802,   418.322,   158.479,   102.764,     0.000,
     2.336,   238.899,   665.723,    22.016,     0.000,     0.000,    37.903,     0.450,    75.346,   963.009,     1.000,    19.936,  -458.923,    35.758,   218.725,   418.239,   178.347,   116.820,     0.000,
     2.378,   243.637,   665.725,    22.003,     0.000,     0.000,   182.305,     0.450,    75.348,   963.009,     1.000,    19.933,  -380.200,   171.986,   223.937,   418.164,   222.522,   135.437,     0.000,
     2.417,   237.421,   665.727,    21.995,     0.000,     0.000,   294.316,     0.450,    75.350,   963.009,     1.000,    19.925,  -208.770,   277.657,   231.024,   418.113,   193.230,   106.108,     0.000,
     2.461,   243.757,   665.730,    21.987,     0.000,     0.000,   286.869,     0.450,    75.353,   963.009,     1.000,    19.923,  -220.958,   270.631,   235.770,   418.073,   203.378,   105.908,     0.000,
     2.503,   253.548,   665.739,    21.973,     0.000,     0.000,   378.395,     0.450,    75.362,   963.009,     1.000,    19.913,  -114.748,   356.977,   242.365,   417.987,   199.654,    96.448,     0.000,
     2.542,   317.051,   665.741,    21.967,     0.000,     0.000,   221.186,     0.450,    75.364,   963.009,     1.000,    19.909,  -260.773,   208.666,   242.365,   417.956,   197.431,    96.417,     0.000,
     2.587,   329.416,   665.742,    21.951,     0.000,     0.000,   117.533,     0.450,    75.365,   963.009,     1.000,    19.906,  -333.328,   110.880,   242.364,   417.872,   179.273,    89.428,     0.000,
     2.629,   337.703,   665.729,    21.940,     0.000,     0.000,    71.671,     0.450,    75.352,   963.009,     1.000,    19.902,  -382.285,    67.614,   240.125,   417.806,   179.968,    92.250,     0.000,
     2.667,   327.893,   665.726,    21.927,     0.000,     0.000,    38.737,     0.450,    75.349,   963.009,     1.000,    19.892,  -396.485,    36.544,   240.125,   417.734,   168.644,    86.776,     0.000,
     2.712,   319.655,   665.728,    21.903,     0.000,     0.000,     1.972,     0.450,    75.351,   963.009,     1.000,    19.876,  -453.222,     1.861,   237.900,   417.600,   180.383,    94.999,     0.000,
     2.750,    30.624,   665.723,    21.889,     0.000,     0.000,     0.000,     0.450,    75.346,   963.009,     1.000,    19.863,  -472.344,     0.000,   237.900,   417.515,   190.482,   102.247,     0.000,
     2.792,   258.650,   665.718,    21.874,     0.000,     0.000,     0.000,     0.450,    75.341,   963.009,     1.000,    19.856,  -470.569,     0.000,   237.900,   417.432,   188.873,   102.164,     0.000,
     2.836,   287.177,   665.710,    21.858,     0.000,     0.000,     0.000,     0.450,    75.333,   963.009,     1.000,    19.850,  -474.382,     0.000,   235.770,   417.343,   187.626,   105.183,     0.000,
     2.878,   292.523,   665.705,    21.842,     0.000,     0.000,     0.000,     0.450,    75.328,   963.009,     1.000,    19.839,  -489.806,     0.000,   240.123,   417.254,   205.480,   107.195,     0.000,
     2.917,   284.268,   665.700,    21.827,     0.000,     0.000,     0.000,     0.450,    75.323,   963.009,     1.000,    19.828,  -479.948,     0.000,   234.005,   417.169,   188.666,   108.118,     0.000,
     2.961,   302.707,   665.699,    21.811,     0.000,     0.000,     0.000,     0.450,    75.322,   963.009,     1.000,    19.822,  -457.852,     0.000,   233.654,   417.079,   174.087,   100.339,     0.000,
     3.003,   277.074,   665.699,    21.796,     0.000,     0.000,     0.000,     0.450,    75.322,   963.009,     1.000,    19.811,  -496.710,     0.000,   235.768,   416.991,   201.783,   113.704,     0.000,
     3.042,   251.234,   665.700,    21.781,     0.000,     0.000,     0.000,     0.450,    75.323,   963.009,     1.000,    19.796,  -438.872,     0.000,   233.693,   416.906,   161.540,    94.119,     0.000,
     3.086,   248.977,   665.697,    21.765,     0.000,     0.000,     0.000,     0.450,    75.320,   963.009,     1.000,    19.777,  -450.529,     0.000,   235.769,   416.824,   172.311,    97.162,     0.000,
     3.126,   116.464,   665.709,    21.740,     0.000,     0.000,     0.000,     0.450,    75.332,   963.009,     1.000,    19.754,  -452.450,     0.000,   235.767,   416.672,   174.521,    97.025,     0.000,
     3.167,    93.705,   665.709,    21.725,     0.000,     0.000,     0.000,     0.450,    75.332,   963.009,     1.000,    19.736,  -477.349,     0.000,   231.610,   416.587,   181.686,   110.687,     0.000,
     3.211,   233.696,   665.707,    21.707,     0.000,     0.000,     0.000,     0.450,    75.330,   963.009,     1.000,    19.725,  -590.256,     0.000,   233.653,   416.492,   255.103,   152.314,     0.000,
     3.252,   179.062,   665.708,    21.691,     0.000,     0.000,     0.000,     0.450,    75.331,   963.009,     1.000,    19.726,  -493.542,     0.000,   233.654,   416.394,   194.301,   116.500,     0.000,
     3.292,   117.126,   665.709,    21.675,     0.000,     0.000,     0.000,     0.450,    75.332,   963.009,     1.000,    19.722,  -546.906,     0.000,   235.756,   416.301,   231.802,   134.559,     0.000,
     3.335,   193.772,   665.709,    21.658,     0.000,     0.000,    13.905,     0.450,    75.332,   963.009,     1.000,    19.719,  -444.652,    13.118,   237.899,   416.214,   178.505,   100.950,     0.000,
     3.376,    70.480,   665.715,    21.640,     0.000,     0.000,    32.895,     0.450,    75.338,   963.009,     1.000,    19.705,  -453.135,    31.033,   235.769,   416.109,   191.080,   112.749,     0.000,
     3.417,    88.715,   665.716,    21.627,     0.000,     0.000,    46.697,     0.450,    75.339,   963.009,     1.000,    19.684,  -389.809,    44.053,   237.887,   416.034,   162.074,    93.642,     0.000,
     3.461,   278.063,   665.718,    21.614,     0.000,     0.000,    68.802,     0.450,    75.341,   963.009,     1.000,    19.658,  -379.681,    64.908,   242.364,   415.966,   176.553,    94.435,     0.000,
     3.503,   235.139,   665.720,    21.602,     0.000,     0.000,   108.621,     0.450,    75.343,   963.009,     1.000,    19.649,  -416.549,   102.473,   240.126,   415.895,   217.220,   126.033,     0.000,
     3.542,   112.550,   665.721,    21.591,     0.000,     0.000,    85.886,     0.450,    75.344,   963.009,     1.000,    19.648,  -351.829,    81.024,   242.346,   415.827,   164.866,    94.505,     0.000,
     3.586,   259.946,   665.720,    21.577,     0.000,     0.000,    61.727,     0.450,    75.343,   963.009,     1.000,    19.650,  -482.170,    58.233,   240.124,   415.756,   226.871,   137.901,     0.000,
     3.625,    20.555,   665.721,    21.564,     0.000,     0.000,    62.754,     0.450,    75.344,   963.009,     1.000,    19.653,  -380.965,    59.202,   237.900,   415.677,   161.979,   100.410,     0.000,
     3.667,   216.855,   665.722,    21.548,     0.000,     0.000,    30.444,     0.450,    75.345,   963.009,     1.000,    19.647,  -411.035,    28.720,   237.900,   415.586,   161.750,   100.319,     0.000,
     3.711,   256.652,   665.722,    21.527,     0.000,     0.000,     7.989,     0.450,    75.345,   963.009,     1.000,    19.630,  -480.313,     7.537,   237.901,   415.475,   191.794,   118.481,     0.000,
     3.753,   294.888,   665.710,    21.513,     0.000,     0.000,     0.000,     0.450,    75.333,   963.009,     1.000,    19.606,  -417.272,     0.000,   240.124,   415.396,   151.982,    90.018,     0.000,
     3.792,   378.609,   665.707,    21.500,     0.000,     0.000,     0.000,     0.450,    75.330,   963.009,     1.000,    19.589,  -438.389,     0.000,   238.102,   415.324,   162.109,    99.057,     0.000,
     3.837,   351.021,   665.710,    21.477,     0.000,     0.000,     0.000,     0.450,    75.333,   963.009,     1.000,    19.578,  -468.463,     0.000,   235.768,   415.192,   177.282,   111.757,     0.000,
     3.879,   380.744,   665.705,    21.463,     0.000,     0.000,     0.000,     0.450,    75.328,   963.009,     1.000,    19.578,  -451.487,     0.000,   233.654,   415.115,   163.912,   106.114,     0.000,
     3.917,   318.162,   665.703,    21.449,     0.000,     0.000,     0.000,     0.450,    75.326,   963.009,     1.000,    19.575,  -431.000,     0.000,   235.655,   415.030,   155.613,    96.011,     0.000,
     3.962,   371.385,   665.692,    21.434,     0.000,     0.000,     0.000,     0.450,    75.315,   963.009,     1.000,    19.569,  -461.781,     0.000,   231.593,   414.951,   169.305,   109.117,     0.000,
     4.004,   383.308,   665.690,    21.420,     0.000,     0.000,     0.000,     0.450,    75.313,   963.009,     1.000,    19.557,  -475.946,     0.000,   235.767,   414.870,   185.435,   111.408,     0.000,
     4.042,   292.162,   665.692,    21.406,     0.000,     0.000,     0.000,     0.450,    75.315,   963.009,     1.000,    19.533,  -464.152,     0.000,   231.799,   414.792,   172.090,   109.069,     0.000,
     4.087,   371.855,   665.694,    21.390,     0.000,     0.000,     0.000,     0.450,    75.317,   963.009,     1.000,    19.500,  -450.257,     0.000,   237.898,   414.709,   174.002,    99.444,     0.000,
     4.129,   334.839,   665.703,    21.368,     0.000,     0.000,     0.000,     0.450,    75.326,   963.009,     1.000,    19.485,  -484.248,     0.000,   231.593,   414.580,   183.303,   117.957,     0.000,
     4.167,   360.915,   665.705,    21.354,     0.000,     0.000,     0.000,     0.450,    75.328,   963.009,     1.000,    19.474,  -497.742,     0.000,   235.392,   414.502,   197.903,   120.730,     0.000,
     4.210,   207.243,   665.704,    21.340,     0.000,     0.000,     0.000,     0.450,    75.327,   963.009,     1.000,    19.469,  -430.575,     0.000,   242.363,   414.415,   165.646,    92.877,     0.000,
     4.254,   382.308,   665.704,    21.326,     0.000,     0.000,     0.000,     0.450,    75.327,   963.009,     1.000,    19.469,  -448.325,     0.000,   235.767,   414.340,   167.567,   102.185,     0.000,
     4.292,   288.035,   665.705,    21.312,     0.000,     0.000,     0.000,     0.450,    75.328,   963.009,     1.000,    19.469,  -530.041,     0.000,   231.835,   414.263,   210.128,   137.485,     0.000,
     4.337,   355.607,   665.706,    21.296,     0.000,     0.000,     4.987,     0.450,    75.329,   963.009,     1.000,    19.453,  -423.431,     4.705,   233.654,   414.175,   149.983,    97.631,     0.000,
     4.379,   342.949,   665.709,    21.283,     0.000,     0.000,    22.937,     0.450,    75.332,   963.009,     1.000,    19.434,  -371.462,    21.639,   235.769,   414.099,   130.765,    84.004,     0.000,
     4.417,    67.738,   665.711,    21.272,     0.000,     0.000,    58.554,     0.450,    75.334,   963.009,     1.000,    19.416,  -384.960,    55.239,   235.769,   414.033,   160.248,   101.687,     0.000,
     4.460,   171.435,   665.712,    21.261,     0.000,     0.000,    46.787,     0.450,    75.335,   963.009,     1.000,    19.400,  -329.720,    44.139,   240.125,   413.971,   124.397,    75.616,     0.000,
     4.504,   402.531,   665.715,    21.250,     0.000,     0.000,    68.794,     0.450,    75.338,   963.009,     1.000,    19.385,  -325.880,    64.900,   240.124,   413.912,   133.954,    83.038,     0.000,
     4.542,   172.329,   665.716,    21.240,     0.000,     0.000,    76.467,     0.450,    75.339,   963.009,     1.000,    19.391,  -364.940,    72.138,   235.875,   413.852,   157.965,   101.136,     0.000,
     4.588,   406.096,   665.714,    21.224,     0.000,     0.000,    33.813,     0.450,    75.337,   963.009,     1.000,    19.388,  -398.245,    31.899,   237.900,   413.775,   155.771,    98.498,     0.000,
     4.629,   411.147,   665.714,    21.207,     0.000,     0.000,    16.908,     0.450,    75.337,   963.009,     1.000,    19.386,  -380.078,    15.951,   237.899,   413.671,   134.682,    85.575,     0.000,
     4.667,   190.844,   665.709,    21.196,     0.000,     0.000,    12.036,     0.450,    75.332,   963.009,     1.000,    19.382,  -392.011,    11.355,   235.815,   413.604,   137.418,    88.158,     0.000,
     4.710,   171.204,   665.704,    21.182,     0.000,     0.000,     1.046,     0.450,    75.327,   963.009,     1.000,    19.376,  -483.318,     0.987,   235.769,   413.527,   186.696,   119.850,     0.000,
     4.755,   404.005,   665.695,    21.166,     0.000,     0.000,     0.000,     0.450,    75.318,   963.009,     1.000,    19.358,  -457.884,     0.000,   235.769,   413.442,   170.354,   109.856,     0.000,
     4.792,   281.617,   665.691,    21.152,     0.000,     0.000,     0.000,     0.450,    75.314,   963.009,     1.000,    19.344,  -481.301,     0.000,   235.769,   413.359,   184.606,   119.104,     0.000,
     4.836,   282.221,   665.693,    21.129,     0.000,     0.000,     0.000,     0.450,    75.316,   963.009,     1.000,    19.330,  -456.879,     0.000,   235.769,   413.234,   169.789,   109.624,     0.000,
     4.876,   109.833,   665.689,    21.116,     0.000,     0.000,     0.000,     0.450,    75.312,   963.009,     1.000,    19.323,  -434.704,     0.000,   235.769,   413.154,   156.334,   100.984,     0.000,
     4.917,    94.026,   665.683,    21.102,     0.000,     0.000,     0.000,     0.450,    75.306,   963.009,     1.000,    19.314,  -434.358,     0.000,   235.769,   413.076,   156.144,   100.907,     0.000,
     4.961,   275.325,   665.687,    21.085,     0.000,     0.000,     0.000,     0.450,    75.310,   963.009,     1.000,    19.307,  -455.706,     0.000,   235.769,   412.987,   169.131,   109.357,     0.000,
     5.005,   447.408,   665.686,    21.070,     0.000,     0.000,     0.000,     0.450,    75.309,   963.009,     1.000,    19.292,  -455.326,     0.000,   235.768,   412.905,   168.918,   109.271,     0.000,
     5.042,   204.911,   665.692,    21.054,     0.000,     0.000,     0.000,     0.450,    75.315,   963.009,     1.000,    19.276,  -487.711,     0.000,   233.724,   412.809,   186.384,   122.243,     0.000,
     5.087,   404.768,   665.698,    21.037,     0.000,     0.000,     0.000,     0.450,    75.321,   963.009,     1.000,    19.250,  -440.773,     0.000,   233.654,   412.724,   157.985,   103.717,     0.000,
     5.128,   278.335,   665.708,    21.017,     0.000,     0.000,     0.000,     0.450,    75.331,   963.009,     1.000,    19.225,  -453.887,     0.000,   235.769,   412.603,   168.112,   108.941,     0.000,
     5.167,   134.686,   665.711,    21.003,     0.000,     0.000,     0.000,     0.450,    75.334,   963.009,     1.000,    19.209,  -477.904,     0.000,   235.769,   412.521,   182.701,   118.451,     0.000,
     5.212,   348.736,   665.716,    20.987,     0.000,     0.000,     0.000,     0.450,    75.339,   963.009,     1.000,    19.201,  -477.970,     0.000,   235.769,   412.436,   182.756,   118.546,     0.000,
     5.251,   124.892,   665.719,    20.973,     0.000,     0.000,     0.000,     0.450,    75.342,   963.009,     1.000,    19.201,  -412.904,     0.000,   235.769,   412.356,   143.313,    93.004,     0.000,
     5.292,    66.464,   665.724,    20.960,     0.000,     0.000,     0.000,     0.450,    75.347,   963.009,     1.000,    19.194,  -451.932,     0.000,   235.769,   412.277,   166.999,   108.425,     0.000,
     5.336,   264.894,   665.728,    20.944,     0.000,     0.000,     3.015,     0.450,    75.351,   963.009,     1.000,    19.191,  -457.582,     2.844,   233.654,   412.196,   169.960,   111.924,     0.000,
     5.378,   271.055,   665.737,    20.926,     0.000,     0.000,    24.912,     0.450,    75.360,   963.009,     1.000,    19.178,  -427.952,    23.502,   235.769,   412.094,   166.749,   108.379,     0.000,
     5.419,   207.687,   665.748,    20.905,     0.000,     0.000,    68.798,     0.450,    75.371,   963.009,     1.000,    19.162,  -364.536,    64.903,   235.769,   411.974,   153.438,    99.796,     0.000,
     5.461,   276.119,   665.748,    20.893,     0.000,     0.000,    90.680,     0.450,    75.371,   963.009,     1.000,    19.144,  -335.588,    85.547,   237.901,   411.911,   150.512,    96.612,     0.000,
     5.502,   169.292,   665.755,    20.881,     0.000,     0.000,   116.493,     0.450,    75.378,   963.009,     1.000,    19.135,  -239.288,   109.899,   242.365,   411.839,   110.609,    69.104,     0.000,
     5.547,   396.306,   665.758,    20.872,     0.000,     0.000,    94.604,     0.450,    75.381,   963.009,     1.000,    19.121,  -284.221,    89.249,   242.366,   411.790,   125.572,    78.474,     0.000,
     5.584,    91.168,   665.759,    20.863,     0.000,     0.000,    80.718,     0.450,    75.382,   963.009,     1.000,    19.111,  -293.119,    76.149,   240.905,   411.737,   122.759,    75.677,     0.000,
     5.629,   390.885,   665.767,    20.847,     0.000,     0.000,    78.737,     0.450,    75.390,   963.009,     1.000,    19.095,  -308.001,    74.280,   240.905,   411.651,   130.838,    80.697,     0.000,
     5.668,   137.133,   665.770,    20.832,     0.000,     0.000,    46.770,     0.450,    75.393,   963.009,     1.000,    19.079,  -317.790,    44.123,   242.366,   411.566,   118.538,    74.174,     0.000,
     5.710,   170.141,   665.769,    20.819,     0.000,     0.000,     7.989,     0.450,    75.392,   963.009,     1.000,    19.069,  -374.069,     7.537,   240.905,   411.492,   130.474,    80.545,     0.000,
     5.755,   419.562,   665.769,    20.803,     0.000,     0.000,     0.000,     0.450,    75.392,   963.009,     1.000,    19.064,  -350.205,     0.000,   240.905,   411.408,   111.090,    68.612,     0.000,
     5.797,   406.009,   665.769,    20.787,     0.000,     0.000,     0.000,     0.450,    75.392,   963.009,     1.000,    19.061,  -371.596,     0.000,   242.365,   411.319,   124.578,    78.064,     0.000,
     5.838,   394.965,   665.769,    20.771,     0.000,     0.000,     0.000,     0.450,    75.392,   963.009,     1.000,    19.048,  -401.546,     0.000,   242.365,   411.231,   143.017,    89.663,     0.000,
     5.878,   239.105,   665.770,    20.751,     0.000,     0.000,     0.000,     0.450,    75.393,   963.009,     1.000,    19.038,  -360.167,     0.000,   242.364,   411.111,   117.625,    73.795,     0.000,
     5.919,   235.795,   665.771,    20.729,     0.000,     0.000,     0.000,     0.450,    75.394,   963.009,     1.000,    19.022,  -374.150,     0.000,   237.901,   410.990,   122.200,    78.860,     0.000,
     5.963,   393.260,   665.770,    20.713,     0.000,     0.000,     0.000,     0.450,    75.393,   963.009,     1.000,    19.016,  -366.611,     0.000,   240.125,   410.906,   119.645,    76.185,     0.000,
     6.004,   393.234,   665.771,    20.699,     0.000,     0.000,     0.000,     0.450,    75.394,   963.009,     1.000,    19.011,  -391.042,     0.000,   240.125,   410.826,   134.596,    85.745,     0.000,
     6.046,   422.787,   665.777,    20.684,     0.000,     0.000,     0.000,     0.450,    75.400,   963.009,     1.000,    19.002,  -376.788,     0.000,   240.126,   410.741,   125.918,    80.255,     0.000,
     6.088,   396.806,   665.782,    20.671,     0.000,     0.000,     0.000,     0.450,    75.405,   963.009,     1.000,    18.987,  -369.000,     0.000,   242.364,   410.670,   123.204,    77.490,     0.000,
     6.129,   379.205,   665.786,    20.658,     0.000,     0.000,     0.000,     0.450,    75.409,   963.009,     1.000,    18.965,  -365.982,     0.000,   240.124,   410.595,   119.586,    75.926,     0.000,
     6.171,   383.351,   665.787,    20.644,     0.000,     0.000,     0.000,     0.450,    75.410,   963.009,     1.000,    18.947,  -372.369,     0.000,   237.901,   410.522,   121.273,    78.474,     0.000,
     6.209,    90.515,   665.798,    20.624,     0.000,     0.000,     0.000,     0.450,    75.421,   963.009,     1.000,    18.929,  -426.167,     0.000,   240.125,   410.402,   156.163,    99.727,     0.000,
     6.255,   428.472,   665.811,    20.600,     0.000,     0.000,     0.000,     0.450,    75.434,   963.009,     1.000,    18.917,  -427.884,     0.000,   240.125,   410.271,   158.167,    99.570,     0.000,
     6.296,   339.141,   665.810,    20.586,     0.000,     0.000,     0.001,     0.450,    75.433,   963.009,     1.000,    18.906,  -352.757,     0.001,   240.124,   410.194,   111.877,    70.810,     0.000,
     6.338,   427.010,   665.820,    20.568,     0.000,     0.000,     3.013,     0.450,    75.443,   963.009,     1.000,    18.896,  -368.436,     2.843,   237.899,   410.095,   120.965,    78.118,     0.000,
     6.380,   407.960,   665.830,    20.550,     0.000,     0.000,    17.949,     0.450,    75.453,   963.009,     1.000,    18.886,  -386.070,    16.933,   235.768,   409.997,   137.986,    90.789,     0.000,
     6.422,   401.676,   665.844,    20.528,     0.000,     0.000,    32.898,     0.450,    75.467,   963.009,     1.000,    18.878,  -364.253,    31.036,   233.653,   409.875,   131.369,    87.698,     0.000,
     6.463,   387.995,   665.852,    20.511,     0.000,     0.000,    58.844,     0.450,    75.475,   963.009,     1.000,    18.873,  -339.391,    55.513,   233.653,   409.775,   131.166,    87.615,     0.000,
     6.504,   384.481,   665.853,    20.499,     0.000,     0.000,   117.550,     0.450,    75.476,   963.009,     1.000,    18.862,  -337.762,   110.896,   233.653,   409.706,   163.409,   109.196,     0.000,
     6.546,   385.840,   665.860,    20.485,     0.000,     0.000,   134.441,     0.450,    75.483,   963.009,     1.000,    18.847,  -321.494,   126.831,   233.654,   409.637,   163.225,   109.117,     0.000,
     6.586,   276.746,   665.873,    20.465,     0.000,     0.000,   121.468,     0.450,    75.496,   963.009,     1.000,    18.826,  -303.950,   114.592,   235.769,   409.516,   147.484,    97.311,     0.000,
     6.629,   349.768,   665.882,    20.449,     0.000,     0.000,    73.752,     0.450,    75.505,   963.009,     1.000,    18.807,  -331.050,    69.577,   235.768,   409.426,   136.715,    90.254,     0.000,
     6.672,   440.241,   665.882,    20.434,     0.000,     0.000,    31.837,     0.450,    75.505,   963.009,     1.000,    18.785,  -377.826,    30.034,   233.652,   409.350,   139.049,    93.114,     0.000,
     6.712,   359.251,   665.884,    20.418,     0.000,     0.000,     1.972,     0.450,    75.507,   963.009,     1.000,    18.766,  -378.085,     1.861,   231.592,   409.259,   120.455,    81.823,     0.000,
     6.752,   144.795,   665.891,    20.393,     0.000,     0.000,     0.000,     0.450,    75.514,   963.009,     1.000,    18.750,  -380.898,     0.000,   233.652,   409.112,   122.974,    82.464,     0.000,
     6.792,    46.116,   665.892,    20.375,     0.000,     0.000,     0.000,     0.450,    75.515,   963.009,     1.000,    18.739,  -398.938,     0.000,   231.591,   409.009,   131.834,    89.686,     0.000,
     6.837,   410.030,   665.893,    20.354,     0.000,     0.000,     0.000,     0.450,    75.516,   963.009,     1.000,    18.729,  -386.916,     0.000,   231.591,   408.902,   124.712,    84.895,     0.000,
     6.880,   390.602,   665.894,    20.332,     0.000,     0.000,     0.000,     0.450,    75.517,   963.009,     1.000,    18.720,  -398.037,     0.000,   231.591,   408.783,   131.362,    89.484,     0.000,
     6.922,   395.630,   665.893,    20.314,     0.000,     0.000,     0.000,     0.450,    75.516,   963.009,     1.000,    18.711,  -377.811,     0.000,   231.592,   408.680,   119.363,    81.360,     0.000,
     6.963,   387.305,   665.893,    20.295,     0.000,     0.000,     0.000,     0.450,    75.516,   963.009,     1.000,    18.695,  -378.859,     0.000,   233.652,   408.577,   121.919,    82.016,     0.000,
     7.003,   299.376,   665.894,    20.274,     0.000,     0.000,     0.000,     0.450,    75.517,   963.009,     1.000,    18.676,  -385.214,     0.000,   231.591,   408.455,   123.831,    84.518,     0.000,
     7.043,    97.508,   665.893,    20.236,     0.000,     0.000,     0.000,     0.450,    75.516,   963.009,     1.000,    18.653,  -371.618,     0.000,   231.591,   408.339,   115.788,    79.083,     0.000,
     7.088,   395.572,   665.894,    20.130,     0.000,     0.000,     0.000,     0.450,    75.517,   963.009,     1.000,    18.627,  -371.100,     0.000,   231.592,   408.197,   115.525,    78.970,     0.000,
     7.126,    23.247,   665.892,    20.019,     0.000,     0.000,     0.000,     0.450,    75.515,   963.009,     1.000,    18.607,  -364.261,     0.000,   233.631,   408.080,   113.336,    76.476,     0.000,
     7.171,   332.827,   665.894,    19.935,     0.000,     0.000,     0.000,     0.450,    75.517,   963.009,     1.000,    18.588,  -375.070,     0.000,   231.591,   407.937,   117.963,    80.761,     0.000,
     7.211,   238.830,   665.894,    19.920,     0.000,     0.000,     0.000,     0.450,    75.517,   963.009,     1.000,    18.576,  -368.000,     0.000,   231.591,   407.790,   113.813,    77.988,     0.000,
     7.255,   430.854,   665.894,    19.917,     0.000,     0.000,     0.000,     0.450,    75.517,   963.009,     1.000,    18.564,  -374.006,     0.000,   231.591,   407.648,   117.421,    80.529,     0.000,
     7.296,   349.816,   665.895,    19.914,     0.000,     0.000,     0.004,     0.450,    75.518,   963.009,     1.000,    18.553,  -366.969,     0.004,   231.591,   407.503,   113.295,    77.766,     0.000,
     7.338,   424.846,   665.899,    19.903,     0.000,     0.000,    14.958,     0.450,    75.522,   963.009,     1.000,    18.545,  -366.996,    14.111,   231.592,   407.370,   121.717,    83.612,     0.000,
     7.379,   377.259,   665.905,    19.890,     0.000,     0.000,    93.691,     0.450,    75.528,   963.009,     1.000,    18.535,  -296.503,    88.387,   233.653,   407.243,   125.923,    85.378,     0.000,
     7.421,   366.231,   665.918,    19.878,     0.000,     0.000,   126.453,     0.450,    75.541,   963.009,     1.000,    18.519,  -278.964,   119.295,   233.654,   407.034,   133.948,    90.931,     0.000,
     7.463,   392.507,   665.921,    19.868,     0.000,     0.000,   124.498,     0.450,    75.544,   963.009,     1.000,    18.505,  -240.564,   117.451,   235.769,   406.940,   111.893,    74.952,     0.000,
     7.505,   391.962,   665.926,    19.860,     0.000,     0.000,   154.363,     0.450,    75.549,   963.009,     1.000,    18.491,  -205.259,   145.625,   237.901,   406.841,   109.531,    72.413,     0.000,
     7.546,   395.407,   665.929,    19.853,     0.000,     0.000,   155.413,     0.450,    75.552,   963.009,     1.000,    18.475,  -204.240,   146.616,   240.126,   406.763,   111.498,    72.721,     0.000,
     7.588,   416.509,   665.933,    19.847,     0.000,     0.000,   170.327,     0.450,    75.556,   963.009,     1.000,    18.464,  -183.895,   160.686,   242.365,   406.686,   110.165,    70.095,     0.000,
     7.630,   385.064,   665.938,    19.841,     0.000,     0.000,   106.519,     0.450,    75.561,   963.009,     1.000,    18.453,  -232.396,   100.490,   242.364,   406.602,   103.049,    65.598,     0.000,
     7.671,   349.340,   665.945,    19.836,     0.000,     0.000,    48.861,     0.450,    75.568,   963.009,     1.000,    18.445,  -304.941,    46.095,   240.124,   406.489,   112.177,    72.494,     0.000,
     7.712,   382.465,   665.959,    19.831,     0.000,     0.000,     3.935,     0.450,    75.582,   963.009,     1.000,    18.430,  -363.401,     3.712,   237.899,   406.249,   119.719,    79.044,     0.000,
     7.752,   159.661,   665.957,    19.826,     0.000,     0.000,     0.000,     0.450,    75.580,   963.009,     1.000,    18.424,  -373.313,     0.000,   235.769,   406.135,   121.304,    81.642,     0.000,
     7.797,   379.155,   665.965,    19.820,     0.000,     0.000,     0.000,     0.450,    75.588,   963.009,     1.000,    18.415,  -355.070,     0.000,   235.768,   405.996,   110.649,    74.193,     0.000,
     7.838,   390.125,   665.969,    19.816,     0.000,     0.000,     0.000,     0.450,    75.592,   963.009,     1.000,    18.410,  -360.989,     0.000,   233.653,   405.904,   112.117,    76.622,     0.000,
     7.879,   357.443,   665.979,    19.790,     0.000,     0.000,     0.000,     0.450,    75.602,   963.009,     1.000,    18.396,  -368.230,     0.000,   233.653,   405.763,   116.462,    79.658,     0.000,
     7.921,   337.695,   665.981,    19.774,     0.000,     0.000,     0.000,     0.450,    75.604,   963.009,     1.000,    18.384,  -378.736,     0.000,   233.653,   405.674,   122.727,    83.987,     0.000,
     7.963,   437.134,   665.986,    19.756,     0.000,     0.000,     0.000,     0.450,    75.609,   963.009,     1.000,    18.371,  -378.374,     0.000,   233.652,   405.580,   122.540,    83.906,     0.000,
     8.005,   421.199,   665.991,    19.740,     0.000,     0.000,     0.000,     0.450,    75.614,   963.009,     1.000,    18.357,  -399.344,     0.000,   231.591,   405.491,   133.031,    92.413,     0.000,
     8.046,   380.420,   665.997,    19.720,     0.000,     0.000,     0.000,     0.450,    75.620,   963.009,     1.000,    18.345,  -385.188,     0.000,   231.590,   405.380,   124.920,    86.478,     0.000,
     8.088,   430.318,   666.001,    19.703,     0.000,     0.000,     0.000,     0.450,    75.624,   963.009,     1.000,    18.331,  -386.429,     0.000,   227.662,   405.293,   121.762,    87.036,     0.000,
     8.129,   339.640,   666.009,    19.681,     0.000,     0.000,     0.000,     0.450,    75.632,   963.009,     1.000,    18.316,  -385.949,     0.000,   227.661,   405.163,   121.517,    86.930,     0.000,
     8.172,   459.702,   666.009,    19.663,     0.000,     0.000,     0.000,     0.450,    75.632,   963.009,     1.000,    18.301,  -418.812,     0.000,   225.790,   405.068,   138.820,   100.715,     0.000,
     8.213,   456.537,   666.015,    19.643,     0.000,     0.000,     0.000,     0.450,    75.638,   963.009,     1.000,    18.285,  -391.504,     0.000,   225.790,   404.956,   123.023,    89.315,     0.000,
     8.255,   447.278,   666.019,    19.624,     0.000,     0.000,     0.000,     0.450,    75.642,   963.009,     1.000,    18.269,  -409.441,     0.000,   223.935,   404.856,   131.602,    96.919,     0.000,
     8.292,    45.422,   666.029,    19.599,     0.000,     0.000,     0.009,     0.450,    75.652,   963.009,     1.000,    18.249,  -408.808,     0.009,   223.936,   404.700,   131.279,    96.773,     0.000,
     8.337,   406.720,   666.032,    19.581,     0.000,     0.000,    32.920,     0.450,    75.655,   963.009,     1.000,    18.231,  -344.500,    31.057,   225.791,   404.607,   114.058,    82.683,     0.000,
     8.380,   442.230,   666.032,    19.567,     0.000,     0.000,   138.562,     0.450,    75.655,   963.009,     1.000,    18.220,  -234.414,   130.719,   229.620,   404.531,   111.734,    78.487,     0.000,
     8.422,   445.434,   666.037,    19.560,     0.000,     0.000,   364.564,     0.450,    75.660,   963.009,     1.000,    18.210,   -13.449,   343.928,   233.654,   404.485,   111.072,    75.475,     0.000,
     8.463,   414.942,   666.042,    19.557,     0.000,     0.000,   404.349,     0.450,    75.665,   963.009,     1.000,    18.207,    28.973,   381.461,   237.901,   404.489,   112.483,    73.417,     0.000,
     8.501,    23.915,   666.053,    19.549,     0.000,     0.000,   259.775,     0.450,    75.676,   963.009,     1.000,    18.199,  -102.649,   245.071,   240.149,   404.420,   112.651,    70.797,     0.000,
